Feature,Importance,Importance_Percent
numerical__Lag_12,0.61447847,61.447845
numerical__Lag_1,0.19575265,19.575266
numerical__Rolling_Mean_3,0.11544185,11.544185
numerical__Rolling_Mean_12,0.011116966,1.1116966
numerical__YoY_Change,0.008525171,0.8525171
categorical__Season_Autumn,0.004978267,0.4978267
numerical__Quarter,0.004196948,0.41969478
categorical__Product_Type_SWEATER,0.0036793838,0.36793837
categorical__Product_Type_SANDALS,0.0036270502,0.36270502
numerical__Time_Index,0.0034210123,0.34210122
numerical__Month,0.0030213387,0.30213386
numerical__Month_Sin,0.0024059166,0.24059166
categorical__Season_Summer,0.0023654515,0.23654516
numerical__Rolling_Std_3,0.0021575196,0.21575196
numerical__Rolling_Std_6,0.00212126,0.21212599
numerical__Year,0.001820684,0.1820684
categorical__Season_Spring,0.0016858139,0.16858138
numerical__Lag_3,0.0015972748,0.15972748
categorical__Product_Type_SHIRT,0.0013608105,0.13608105
numerical__Rolling_Mean_6,0.0013120705,0.13120705
numerical__Lag_6,0.0013001257,0.13001257
categorical__Product_Type_BOOTS,0.0011446042,0.114460416
numerical__Lag_2,0.0010567565,0.105675645
categorical__Product_Type_VEST,0.0010560964,0.10560964
numerical__Month_Cos,0.0009746515,0.09746515
categorical__Product_Type_CARDIGAN,0.0009240246,0.09240246
categorical__Season_Winter,0.0009147013,0.09147013
categorical__Region_OCEANIA,0.0009098238,0.09098238
categorical__Product_Type_TOP,0.00090431684,0.09043168
categorical__Country_BRAZIL,0.0008455386,0.08455386
categorical__Product_Type_JEANS,0.000777449,0.0777449
categorical__Product_Type_SNEAKERS,0.00074487797,0.0744878
categorical__Product_Type_JACKET,0.0007111849,0.07111849
categorical__Country_NEW_ZEALAND,0.00048053372,0.048053373
categorical__Country_UNITED_STATES,0.0004651567,0.04651567
categorical__Country_AUSTRALIA,0.00027450194,0.027450195
categorical__Country_PAKISTAN,0.00020878561,0.02087856
categorical__Country_MEXICO,0.00012717339,0.012717339
categorical__Region_LATIN_AMERICA,0.00011687268,0.0116872685
categorical__Country_RUSSIA,0.000112091664,0.011209167
categorical__Region_WESTERN_EUROPE,0.00010333364,0.010333364
categorical__Country_SAUDI_ARABIA,6.952922e-05,0.006952922
categorical__Country_UAE,6.837003e-05,0.006837003
categorical__Country_VIETNAM,6.6907895e-05,0.0066907895
categorical__Country_CHINA,6.229253e-05,0.006229253
categorical__Country_INDIA,5.7817844e-05,0.0057817847
categorical__Region_EASTERN_EUROPE,5.181105e-05,0.005181105
categorical__Country_INDONESIA,5.078403e-05,0.0050784033
categorical__Region_SOUTH_ASIA,4.7962287e-05,0.004796229
categorical__Region_NORTH_AMERICA,4.589262e-05,0.004589262
categorical__Country_GERMANY,4.3890494e-05,0.0043890495
categorical__Region_MIDDLE_EAST,4.3021588e-05,0.004302159
categorical__Country_FRANCE,4.2017287e-05,0.004201729
categorical__Country_POLAND,3.474005e-05,0.003474005
categorical__Region_SOUTHEAST_ASIA,2.7497428e-05,0.0027497427
categorical__Country_CANADA,2.4491488e-05,0.0024491488
categorical__Country_JAPAN,2.383964e-05,0.0023839641
categorical__Region_EAST_ASIA,2.0616786e-05,0.0020616786
