Feature,Importance
numerical__Lag_12,0.5868935
numerical__Lag_1,0.29308158
numerical__Quarter,0.04096087
numerical__YoY_Change,0.010935685
categorical__Season_Autumn,0.007796256
numerical__Rolling_Mean_12,0.00689144
categorical__Season_Summer,0.004597504
categorical__Product_Type_SANDALS,0.004512228
numerical__Time_Index,0.003455861
numerical__Rolling_Mean_3,0.0025936528
numerical__Year,0.0025555303
numerical__Month_Sin,0.002509783
numerical__Month,0.002379845
categorical__Season_Spring,0.0020518496
categorical__Product_Type_SHIRT,0.0020315067
categorical__Season_Winter,0.0017211367
categorical__Product_Type_TOP,0.001379959
categorical__Product_Type_JACKET,0.001319974
categorical__Product_Type_BOOTS,0.0013173736
numerical__Month_Cos,0.0011846058
categorical__Product_Type_CARDIGAN,0.0011844175
categorical__Product_Type_JEANS,0.001170647
categorical__Product_Type_VEST,0.0011299438
numerical__Rolling_Std_3,0.0011152539
numerical__Rolling_Std_6,0.0010916364
categorical__Country_NEW_ZEALAND,0.0010799061
numerical__Lag_3,0.0010458649
categorical__Product_Type_SWEATER,0.0010359334
categorical__Region_OCEANIA,0.0010240969
numerical__Lag_6,0.0010237285
categorical__Product_Type_SNEAKERS,0.0008253925
categorical__Country_BRAZIL,0.0007128878
numerical__Lag_2,0.0006465912
categorical__Country_AUSTRALIA,0.0006414458
categorical__Country_UNITED_STATES,0.0005973221
numerical__Rolling_Mean_6,0.00044522947
categorical__Country_PAKISTAN,0.00040995865
categorical__Country_RUSSIA,0.00032193077
categorical__Region_LATIN_AMERICA,0.00027565903
categorical__Country_INDIA,0.00027500186
categorical__Region_NORTH_AMERICA,0.00026110295
categorical__Country_SAUDI_ARABIA,0.00025783683
categorical__Region_SOUTH_ASIA,0.00025774422
categorical__Country_UAE,0.00022131008
categorical__Region_WESTERN_EUROPE,0.00021742482
categorical__Country_INDONESIA,0.00021731362
categorical__Country_CHINA,0.00021560951
categorical__Country_POLAND,0.00021516565
categorical__Country_GERMANY,0.00021258746
categorical__Country_MEXICO,0.0002110719
categorical__Country_VIETNAM,0.00020349563
categorical__Region_EASTERN_EUROPE,0.00019906856
categorical__Country_FRANCE,0.00019373173
categorical__Country_CANADA,0.00019205261
categorical__Region_MIDDLE_EAST,0.00019145661
categorical__Country_JAPAN,0.00018826571
categorical__Region_SOUTHEAST_ASIA,0.00016844427
categorical__Region_EAST_ASIA,0.00015321623
