Year,Season,Region,Country,Product_Type,Sales_Volume
2025,Autumn,OCEANIA,AUSTRALIA,BOOTS,368.70897674560547
2025,Autumn,OCEANIA,AUSTRALIA,CARDIGAN,109.63565444946289
2025,Autumn,OCEANIA,AUSTRALIA,JACKET,3408.4404907226562
2025,Autumn,OCEANIA,AUSTRALIA,JEANS,363.24827575683594
2025,Autumn,OCEANIA,AUSTRALIA,SANDALS,76.99784278869629
2025,Autumn,OCEANIA,AUSTRALIA,SHIRT,2544.8965454101562
2025,Autumn,OCEANIA,AUSTRALIA,SNEAKERS,1445.9427185058594
2025,Autumn,OCEANIA,AUSTRALIA,SWEATER,914.7714538574219
2025,Autumn,OCEANIA,AUSTRALIA,TOP,596.8153991699219
2025,Autumn,OCEANIA,AUSTRALIA,VEST,66.80775451660156
2025,Autumn,LATIN_AMERICA,BRAZIL,BOOTS,739.4872894287109
2025,Autumn,LATIN_AMERICA,BRAZIL,CARDIGAN,301.06021881103516
2025,Autumn,LATIN_AMERICA,BRAZIL,JACKET,7555.961181640625
2025,Autumn,LATIN_AMERICA,BRAZIL,JEANS,662.4905242919922
2025,Autumn,LATIN_AMERICA,BRAZIL,SANDALS,186.53449630737305
2025,Autumn,LATIN_AMERICA,BRAZIL,SHIRT,5275.15087890625
2025,Autumn,LATIN_AMERICA,BRAZIL,SNEAKERS,3056.2993774414062
2025,Autumn,LATIN_AMERICA,BRAZIL,SWEATER,1378.4376831054688
2025,Autumn,LATIN_AMERICA,BRAZIL,TOP,1062.3230285644531
2025,Autumn,LATIN_AMERICA,BRAZIL,VEST,131.85591888427734
2025,Autumn,NORTH_AMERICA,CANADA,BOOTS,666.7876129150391
2025,Autumn,NORTH_AMERICA,CANADA,CARDIGAN,331.63804626464844
2025,Autumn,NORTH_AMERICA,CANADA,JACKET,7421.9437255859375
2025,Autumn,NORTH_AMERICA,CANADA,JEANS,736.9066314697266
2025,Autumn,NORTH_AMERICA,CANADA,SANDALS,24.16484022140503
2025,Autumn,NORTH_AMERICA,CANADA,SHIRT,2438.5394287109375
2025,Autumn,NORTH_AMERICA,CANADA,SNEAKERS,2049.2816162109375
2025,Autumn,NORTH_AMERICA,CANADA,SWEATER,2625.1102905273438
2025,Autumn,NORTH_AMERICA,CANADA,TOP,931.0069580078125
2025,Autumn,NORTH_AMERICA,CANADA,VEST,113.81943893432617
2025,Autumn,EAST_ASIA,CHINA,BOOTS,1731.9413757324219
2025,Autumn,EAST_ASIA,CHINA,CARDIGAN,1178.7055969238281
2025,Autumn,EAST_ASIA,CHINA,JACKET,20037.537109375
2025,Autumn,EAST_ASIA,CHINA,JEANS,1965.2460327148438
2025,Autumn,EAST_ASIA,CHINA,SANDALS,75.56604290008545
2025,Autumn,EAST_ASIA,CHINA,SHIRT,6989.320068359375
2025,Autumn,EAST_ASIA,CHINA,SNEAKERS,5559.773193359375
2025,Autumn,EAST_ASIA,CHINA,SWEATER,8437.28271484375
2025,Autumn,EAST_ASIA,CHINA,TOP,2352.8099365234375
2025,Autumn,EAST_ASIA,CHINA,VEST,384.54869079589844
2025,Autumn,WESTERN_EUROPE,FRANCE,BOOTS,2066.4532165527344
2025,Autumn,WESTERN_EUROPE,FRANCE,CARDIGAN,1176.4890441894531
2025,Autumn,WESTERN_EUROPE,FRANCE,JACKET,22717.75537109375
2025,Autumn,WESTERN_EUROPE,FRANCE,JEANS,2129.9071655273438
2025,Autumn,WESTERN_EUROPE,FRANCE,SANDALS,77.47435665130615
2025,Autumn,WESTERN_EUROPE,FRANCE,SHIRT,8049.033447265625
2025,Autumn,WESTERN_EUROPE,FRANCE,SNEAKERS,5781.1837158203125
2025,Autumn,WESTERN_EUROPE,FRANCE,SWEATER,11116.601806640625
2025,Autumn,WESTERN_EUROPE,FRANCE,TOP,2938.1376342773438
2025,Autumn,WESTERN_EUROPE,FRANCE,VEST,419.1411666870117
2025,Autumn,WESTERN_EUROPE,GERMANY,BOOTS,2738.6170654296875
2025,Autumn,WESTERN_EUROPE,GERMANY,CARDIGAN,1470.0968627929688
2025,Autumn,WESTERN_EUROPE,GERMANY,JACKET,26913.5419921875
2025,Autumn,WESTERN_EUROPE,GERMANY,JEANS,2412.9874877929688
2025,Autumn,WESTERN_EUROPE,GERMANY,SANDALS,102.70730972290039
2025,Autumn,WESTERN_EUROPE,GERMANY,SHIRT,9214.021240234375
2025,Autumn,WESTERN_EUROPE,GERMANY,SNEAKERS,6825.402587890625
2025,Autumn,WESTERN_EUROPE,GERMANY,SWEATER,10874.8203125
2025,Autumn,WESTERN_EUROPE,GERMANY,TOP,3200.6082763671875
2025,Autumn,WESTERN_EUROPE,GERMANY,VEST,672.3531646728516
2025,Autumn,SOUTH_ASIA,INDIA,BOOTS,1596.2945861816406
2025,Autumn,SOUTH_ASIA,INDIA,CARDIGAN,795.4329223632812
2025,Autumn,SOUTH_ASIA,INDIA,JACKET,15759.64990234375
2025,Autumn,SOUTH_ASIA,INDIA,JEANS,1400.0429077148438
2025,Autumn,SOUTH_ASIA,INDIA,SANDALS,53.16459274291992
2025,Autumn,SOUTH_ASIA,INDIA,SHIRT,5712.084716796875
2025,Autumn,SOUTH_ASIA,INDIA,SNEAKERS,3973.3341064453125
2025,Autumn,SOUTH_ASIA,INDIA,SWEATER,7234.9197998046875
2025,Autumn,SOUTH_ASIA,INDIA,TOP,1914.6113891601562
2025,Autumn,SOUTH_ASIA,INDIA,VEST,301.4040756225586
2025,Autumn,SOUTHEAST_ASIA,INDONESIA,BOOTS,1002.3757019042969
2025,Autumn,SOUTHEAST_ASIA,INDONESIA,CARDIGAN,559.2636108398438
2025,Autumn,SOUTHEAST_ASIA,INDONESIA,JACKET,10567.83056640625
2025,Autumn,SOUTHEAST_ASIA,INDONESIA,JEANS,1024.2486877441406
2025,Autumn,SOUTHEAST_ASIA,INDONESIA,SANDALS,35.59541320800781
2025,Autumn,SOUTHEAST_ASIA,INDONESIA,SHIRT,3629.51806640625
2025,Autumn,SOUTHEAST_ASIA,INDONESIA,SNEAKERS,2973.0233764648438
2025,Autumn,SOUTHEAST_ASIA,INDONESIA,SWEATER,5046.6121826171875
2025,Autumn,SOUTHEAST_ASIA,INDONESIA,TOP,1397.4423828125
2025,Autumn,SOUTHEAST_ASIA,INDONESIA,VEST,209.8102264404297
2025,Autumn,EAST_ASIA,JAPAN,BOOTS,1014.7955169677734
2025,Autumn,EAST_ASIA,JAPAN,CARDIGAN,593.8658294677734
2025,Autumn,EAST_ASIA,JAPAN,JACKET,10644.803466796875
2025,Autumn,EAST_ASIA,JAPAN,JEANS,1068.8157348632812
2025,Autumn,EAST_ASIA,JAPAN,SANDALS,37.32381343841553
2025,Autumn,EAST_ASIA,JAPAN,SHIRT,3721.609130859375
2025,Autumn,EAST_ASIA,JAPAN,SNEAKERS,2760.7687377929688
2025,Autumn,EAST_ASIA,JAPAN,SWEATER,4480.484375
2025,Autumn,EAST_ASIA,JAPAN,TOP,1370.129638671875
2025,Autumn,EAST_ASIA,JAPAN,VEST,189.47583770751953
2025,Autumn,LATIN_AMERICA,MEXICO,BOOTS,914.2180633544922
2025,Autumn,LATIN_AMERICA,MEXICO,CARDIGAN,427.8109664916992
2025,Autumn,LATIN_AMERICA,MEXICO,JACKET,10457.37158203125
2025,Autumn,LATIN_AMERICA,MEXICO,JEANS,853.2656860351562
2025,Autumn,LATIN_AMERICA,MEXICO,SANDALS,31.259987831115723
2025,Autumn,LATIN_AMERICA,MEXICO,SHIRT,3398.6201171875
2025,Autumn,LATIN_AMERICA,MEXICO,SNEAKERS,2463.3572387695312
2025,Autumn,LATIN_AMERICA,MEXICO,SWEATER,3546.313720703125
2025,Autumn,LATIN_AMERICA,MEXICO,TOP,1151.3414306640625
2025,Autumn,LATIN_AMERICA,MEXICO,VEST,151.53610229492188
2025,Autumn,OCEANIA,NEW_ZEALAND,BOOTS,101.31659698486328
2025,Autumn,OCEANIA,NEW_ZEALAND,CARDIGAN,34.41146659851074
2025,Autumn,OCEANIA,NEW_ZEALAND,JACKET,1245.21240234375
2025,Autumn,OCEANIA,NEW_ZEALAND,JEANS,102.2676773071289
2025,Autumn,OCEANIA,NEW_ZEALAND,SANDALS,28.667040824890137
2025,Autumn,OCEANIA,NEW_ZEALAND,SHIRT,865.4898071289062
2025,Autumn,OCEANIA,NEW_ZEALAND,SNEAKERS,582.9957733154297
2025,Autumn,OCEANIA,NEW_ZEALAND,SWEATER,286.89794158935547
2025,Autumn,OCEANIA,NEW_ZEALAND,TOP,179.1368522644043
2025,Autumn,OCEANIA,NEW_ZEALAND,VEST,24.33040714263916
2025,Autumn,SOUTH_ASIA,PAKISTAN,BOOTS,422.44930267333984
2025,Autumn,SOUTH_ASIA,PAKISTAN,CARDIGAN,258.4324607849121
2025,Autumn,SOUTH_ASIA,PAKISTAN,JACKET,5134.0780029296875
2025,Autumn,SOUTH_ASIA,PAKISTAN,JEANS,452.9329833984375
2025,Autumn,SOUTH_ASIA,PAKISTAN,SANDALS,20.992876052856445
2025,Autumn,SOUTH_ASIA,PAKISTAN,SHIRT,1983.049560546875
2025,Autumn,SOUTH_ASIA,PAKISTAN,SNEAKERS,1280.59912109375
2025,Autumn,SOUTH_ASIA,PAKISTAN,SWEATER,1993.2484741210938
2025,Autumn,SOUTH_ASIA,PAKISTAN,TOP,674.3436737060547
2025,Autumn,SOUTH_ASIA,PAKISTAN,VEST,76.58257484436035
2025,Autumn,EASTERN_EUROPE,POLAND,BOOTS,748.9758453369141
2025,Autumn,EASTERN_EUROPE,POLAND,CARDIGAN,417.8571472167969
2025,Autumn,EASTERN_EUROPE,POLAND,JACKET,8076.11279296875
2025,Autumn,EASTERN_EUROPE,POLAND,JEANS,849.4597930908203
2025,Autumn,EASTERN_EUROPE,POLAND,SANDALS,25.687979221343994
2025,Autumn,EASTERN_EUROPE,POLAND,SHIRT,3007.566650390625
2025,Autumn,EASTERN_EUROPE,POLAND,SNEAKERS,2270.4854125976562
2025,Autumn,EASTERN_EUROPE,POLAND,SWEATER,3257.8822631835938
2025,Autumn,EASTERN_EUROPE,POLAND,TOP,1035.5206298828125
2025,Autumn,EASTERN_EUROPE,POLAND,VEST,139.0061492919922
2025,Autumn,EASTERN_EUROPE,RUSSIA,BOOTS,537.3247680664062
2025,Autumn,EASTERN_EUROPE,RUSSIA,CARDIGAN,287.02091217041016
2025,Autumn,EASTERN_EUROPE,RUSSIA,JACKET,4680.355712890625
2025,Autumn,EASTERN_EUROPE,RUSSIA,JEANS,585.4333190917969
2025,Autumn,EASTERN_EUROPE,RUSSIA,SANDALS,18.567931175231934
2025,Autumn,EASTERN_EUROPE,RUSSIA,SHIRT,1732.955810546875
2025,Autumn,EASTERN_EUROPE,RUSSIA,SNEAKERS,1389.3952941894531
2025,Autumn,EASTERN_EUROPE,RUSSIA,SWEATER,2187.1083374023438
2025,Autumn,EASTERN_EUROPE,RUSSIA,TOP,743.5116882324219
2025,Autumn,EASTERN_EUROPE,RUSSIA,VEST,89.66184043884277
2025,Autumn,MIDDLE_EAST,SAUDI_ARABIA,BOOTS,1044.0973358154297
2025,Autumn,MIDDLE_EAST,SAUDI_ARABIA,CARDIGAN,669.8703308105469
2025,Autumn,MIDDLE_EAST,SAUDI_ARABIA,JACKET,10274.450927734375
2025,Autumn,MIDDLE_EAST,SAUDI_ARABIA,JEANS,1132.6807250976562
2025,Autumn,MIDDLE_EAST,SAUDI_ARABIA,SANDALS,42.21578121185303
2025,Autumn,MIDDLE_EAST,SAUDI_ARABIA,SHIRT,4079.569091796875
2025,Autumn,MIDDLE_EAST,SAUDI_ARABIA,SNEAKERS,2921.0474853515625
2025,Autumn,MIDDLE_EAST,SAUDI_ARABIA,SWEATER,5097.605224609375
2025,Autumn,MIDDLE_EAST,SAUDI_ARABIA,TOP,1298.8448486328125
2025,Autumn,MIDDLE_EAST,SAUDI_ARABIA,VEST,222.80223083496094
2025,Autumn,MIDDLE_EAST,UAE,BOOTS,861.2221069335938
2025,Autumn,MIDDLE_EAST,UAE,CARDIGAN,427.655029296875
2025,Autumn,MIDDLE_EAST,UAE,JACKET,8684.852783203125
2025,Autumn,MIDDLE_EAST,UAE,JEANS,886.0480651855469
2025,Autumn,MIDDLE_EAST,UAE,SANDALS,28.288053035736084
2025,Autumn,MIDDLE_EAST,UAE,SHIRT,3164.7863159179688
2025,Autumn,MIDDLE_EAST,UAE,SNEAKERS,2233.9228515625
2025,Autumn,MIDDLE_EAST,UAE,SWEATER,3512.671630859375
2025,Autumn,MIDDLE_EAST,UAE,TOP,1087.2606811523438
2025,Autumn,MIDDLE_EAST,UAE,VEST,188.46681594848633
2025,Autumn,NORTH_AMERICA,UNITED_STATES,BOOTS,3066.5174560546875
2025,Autumn,NORTH_AMERICA,UNITED_STATES,CARDIGAN,2027.9501647949219
2025,Autumn,NORTH_AMERICA,UNITED_STATES,JACKET,27603.70458984375
2025,Autumn,NORTH_AMERICA,UNITED_STATES,JEANS,3058.4301147460938
2025,Autumn,NORTH_AMERICA,UNITED_STATES,SANDALS,124.25196838378906
2025,Autumn,NORTH_AMERICA,UNITED_STATES,SHIRT,11514.276123046875
2025,Autumn,NORTH_AMERICA,UNITED_STATES,SNEAKERS,9761.430419921875
2025,Autumn,NORTH_AMERICA,UNITED_STATES,SWEATER,13613.913330078125
2025,Autumn,NORTH_AMERICA,UNITED_STATES,TOP,3964.8218994140625
2025,Autumn,NORTH_AMERICA,UNITED_STATES,VEST,699.8054504394531
2025,Autumn,SOUTHEAST_ASIA,VIETNAM,BOOTS,674.1482543945312
2025,Autumn,SOUTHEAST_ASIA,VIETNAM,CARDIGAN,341.5445785522461
2025,Autumn,SOUTHEAST_ASIA,VIETNAM,JACKET,7039.7242431640625
2025,Autumn,SOUTHEAST_ASIA,VIETNAM,JEANS,693.6782989501953
2025,Autumn,SOUTHEAST_ASIA,VIETNAM,SANDALS,23.236974239349365
2025,Autumn,SOUTHEAST_ASIA,VIETNAM,SHIRT,2583.1422119140625
2025,Autumn,SOUTHEAST_ASIA,VIETNAM,SNEAKERS,2015.0880737304688
2025,Autumn,SOUTHEAST_ASIA,VIETNAM,SWEATER,2886.8701171875
2025,Autumn,SOUTHEAST_ASIA,VIETNAM,TOP,880.5474853515625
2025,Autumn,SOUTHEAST_ASIA,VIETNAM,VEST,113.95321273803711
2025,Spring,OCEANIA,AUSTRALIA,BOOTS,402.3887939453125
2025,Spring,OCEANIA,AUSTRALIA,CARDIGAN,119.52550506591797
2025,Spring,OCEANIA,AUSTRALIA,JACKET,3864.3939208984375
2025,Spring,OCEANIA,AUSTRALIA,JEANS,391.21202087402344
2025,Spring,OCEANIA,AUSTRALIA,SANDALS,90.63633155822754
2025,Spring,OCEANIA,AUSTRALIA,SHIRT,2341.0142822265625
2025,Spring,OCEANIA,AUSTRALIA,SNEAKERS,1528.3590393066406
2025,Spring,OCEANIA,AUSTRALIA,SWEATER,910.7738037109375
2025,Spring,OCEANIA,AUSTRALIA,TOP,629.7814483642578
2025,Spring,OCEANIA,AUSTRALIA,VEST,56.13699722290039
2025,Spring,LATIN_AMERICA,BRAZIL,BOOTS,724.1332702636719
2025,Spring,LATIN_AMERICA,BRAZIL,CARDIGAN,298.7776641845703
2025,Spring,LATIN_AMERICA,BRAZIL,JACKET,7966.293701171875
2025,Spring,LATIN_AMERICA,BRAZIL,JEANS,636.8813323974609
2025,Spring,LATIN_AMERICA,BRAZIL,SANDALS,186.15196228027344
2025,Spring,LATIN_AMERICA,BRAZIL,SHIRT,4601.8519287109375
2025,Spring,LATIN_AMERICA,BRAZIL,SNEAKERS,3089.7255859375
2025,Spring,LATIN_AMERICA,BRAZIL,SWEATER,1826.1877136230469
2025,Spring,LATIN_AMERICA,BRAZIL,TOP,1030.0908508300781
2025,Spring,LATIN_AMERICA,BRAZIL,VEST,103.06912231445312
2025,Spring,NORTH_AMERICA,CANADA,BOOTS,240.28692626953125
2025,Spring,NORTH_AMERICA,CANADA,CARDIGAN,53.24419021606445
2025,Spring,NORTH_AMERICA,CANADA,JACKET,2577.8483276367188
2025,Spring,NORTH_AMERICA,CANADA,JEANS,194.5152473449707
2025,Spring,NORTH_AMERICA,CANADA,SANDALS,731.419807434082
2025,Spring,NORTH_AMERICA,CANADA,SHIRT,2698.954345703125
2025,Spring,NORTH_AMERICA,CANADA,SNEAKERS,1442.0424194335938
2025,Spring,NORTH_AMERICA,CANADA,SWEATER,304.37686920166016
2025,Spring,NORTH_AMERICA,CANADA,TOP,433.5380859375
2025,Spring,NORTH_AMERICA,CANADA,VEST,39.68556594848633
2025,Spring,EAST_ASIA,CHINA,BOOTS,641.5880584716797
2025,Spring,EAST_ASIA,CHINA,CARDIGAN,160.44440841674805
2025,Spring,EAST_ASIA,CHINA,JACKET,7436.194580078125
2025,Spring,EAST_ASIA,CHINA,JEANS,499.80189514160156
2025,Spring,EAST_ASIA,CHINA,SANDALS,2446.830635070801
2025,Spring,EAST_ASIA,CHINA,SHIRT,7936.4033203125
2025,Spring,EAST_ASIA,CHINA,SNEAKERS,4348.3345947265625
2025,Spring,EAST_ASIA,CHINA,SWEATER,843.49755859375
2025,Spring,EAST_ASIA,CHINA,TOP,1262.3822937011719
2025,Spring,EAST_ASIA,CHINA,VEST,105.3939151763916
2025,Spring,WESTERN_EUROPE,FRANCE,BOOTS,757.8131256103516
2025,Spring,WESTERN_EUROPE,FRANCE,CARDIGAN,161.8921012878418
2025,Spring,WESTERN_EUROPE,FRANCE,JACKET,8095.5364990234375
2025,Spring,WESTERN_EUROPE,FRANCE,JEANS,614.8981628417969
2025,Spring,WESTERN_EUROPE,FRANCE,SANDALS,2447.387176513672
2025,Spring,WESTERN_EUROPE,FRANCE,SHIRT,8781.626953125
2025,Spring,WESTERN_EUROPE,FRANCE,SNEAKERS,4640.04052734375
2025,Spring,WESTERN_EUROPE,FRANCE,SWEATER,961.5247192382812
2025,Spring,WESTERN_EUROPE,FRANCE,TOP,1258.6219482421875
2025,Spring,WESTERN_EUROPE,FRANCE,VEST,109.01737594604492
2025,Spring,WESTERN_EUROPE,GERMANY,BOOTS,868.4830017089844
2025,Spring,WESTERN_EUROPE,GERMANY,CARDIGAN,205.04643630981445
2025,Spring,WESTERN_EUROPE,GERMANY,JACKET,9617.97021484375
2025,Spring,WESTERN_EUROPE,GERMANY,JEANS,634.1681060791016
2025,Spring,WESTERN_EUROPE,GERMANY,SANDALS,2848.8184509277344
2025,Spring,WESTERN_EUROPE,GERMANY,SHIRT,10323.447509765625
2025,Spring,WESTERN_EUROPE,GERMANY,SNEAKERS,5846.7960205078125
2025,Spring,WESTERN_EUROPE,GERMANY,SWEATER,1082.6390991210938
2025,Spring,WESTERN_EUROPE,GERMANY,TOP,1482.9248657226562
2025,Spring,WESTERN_EUROPE,GERMANY,VEST,152.79655838012695
2025,Spring,SOUTH_ASIA,INDIA,BOOTS,485.43162536621094
2025,Spring,SOUTH_ASIA,INDIA,CARDIGAN,109.8470344543457
2025,Spring,SOUTH_ASIA,INDIA,JACKET,6649.856201171875
2025,Spring,SOUTH_ASIA,INDIA,JEANS,324.71826171875
2025,Spring,SOUTH_ASIA,INDIA,SANDALS,1861.337314605713
2025,Spring,SOUTH_ASIA,INDIA,SHIRT,5533.428955078125
2025,Spring,SOUTH_ASIA,INDIA,SNEAKERS,2956.408447265625
2025,Spring,SOUTH_ASIA,INDIA,SWEATER,687.2250671386719
2025,Spring,SOUTH_ASIA,INDIA,TOP,863.8026428222656
2025,Spring,SOUTH_ASIA,INDIA,VEST,73.76760482788086
2025,Spring,SOUTHEAST_ASIA,INDONESIA,BOOTS,339.44324493408203
2025,Spring,SOUTHEAST_ASIA,INDONESIA,CARDIGAN,73.2679386138916
2025,Spring,SOUTHEAST_ASIA,INDONESIA,JACKET,4070.2001342773438
2025,Spring,SOUTHEAST_ASIA,INDONESIA,JEANS,282.0781707763672
2025,Spring,SOUTHEAST_ASIA,INDONESIA,SANDALS,1132.2116069793701
2025,Spring,SOUTHEAST_ASIA,INDONESIA,SHIRT,4492.574951171875
2025,Spring,SOUTHEAST_ASIA,INDONESIA,SNEAKERS,2294.01416015625
2025,Spring,SOUTHEAST_ASIA,INDONESIA,SWEATER,443.5058364868164
2025,Spring,SOUTHEAST_ASIA,INDONESIA,TOP,628.3820343017578
2025,Spring,SOUTHEAST_ASIA,INDONESIA,VEST,46.8476037979126
2025,Spring,EAST_ASIA,JAPAN,BOOTS,370.6194763183594
2025,Spring,EAST_ASIA,JAPAN,CARDIGAN,70.63945960998535
2025,Spring,EAST_ASIA,JAPAN,JACKET,4005.49609375
2025,Spring,EAST_ASIA,JAPAN,JEANS,273.83260345458984
2025,Spring,EAST_ASIA,JAPAN,SANDALS,1117.8884468078613
2025,Spring,EAST_ASIA,JAPAN,SHIRT,4374.385498046875
2025,Spring,EAST_ASIA,JAPAN,SNEAKERS,2144.1094360351562
2025,Spring,EAST_ASIA,JAPAN,SWEATER,451.6673583984375
2025,Spring,EAST_ASIA,JAPAN,TOP,631.4738311767578
2025,Spring,EAST_ASIA,JAPAN,VEST,45.7363338470459
2025,Spring,LATIN_AMERICA,MEXICO,BOOTS,327.83753967285156
2025,Spring,LATIN_AMERICA,MEXICO,CARDIGAN,60.705284118652344
2025,Spring,LATIN_AMERICA,MEXICO,JACKET,3524.95458984375
2025,Spring,LATIN_AMERICA,MEXICO,JEANS,229.4565315246582
2025,Spring,LATIN_AMERICA,MEXICO,SANDALS,860.9467735290527
2025,Spring,LATIN_AMERICA,MEXICO,SHIRT,3668.3182373046875
2025,Spring,LATIN_AMERICA,MEXICO,SNEAKERS,1851.2584838867188
2025,Spring,LATIN_AMERICA,MEXICO,SWEATER,394.68565368652344
2025,Spring,LATIN_AMERICA,MEXICO,TOP,588.5854187011719
2025,Spring,LATIN_AMERICA,MEXICO,VEST,46.17093372344971
2025,Spring,OCEANIA,NEW_ZEALAND,BOOTS,107.92640686035156
2025,Spring,OCEANIA,NEW_ZEALAND,CARDIGAN,35.37037467956543
2025,Spring,OCEANIA,NEW_ZEALAND,JACKET,1299.9540405273438
2025,Spring,OCEANIA,NEW_ZEALAND,JEANS,104.32951736450195
2025,Spring,OCEANIA,NEW_ZEALAND,SANDALS,31.00715160369873
2025,Spring,OCEANIA,NEW_ZEALAND,SHIRT,796.8936004638672
2025,Spring,OCEANIA,NEW_ZEALAND,SNEAKERS,531.5408935546875
2025,Spring,OCEANIA,NEW_ZEALAND,SWEATER,311.94232177734375
2025,Spring,OCEANIA,NEW_ZEALAND,TOP,187.3335075378418
2025,Spring,OCEANIA,NEW_ZEALAND,VEST,22.793560028076172
2025,Spring,SOUTH_ASIA,PAKISTAN,BOOTS,149.92505264282227
2025,Spring,SOUTH_ASIA,PAKISTAN,CARDIGAN,33.73729610443115
2025,Spring,SOUTH_ASIA,PAKISTAN,JACKET,1794.3648376464844
2025,Spring,SOUTH_ASIA,PAKISTAN,JEANS,105.70192337036133
2025,Spring,SOUTH_ASIA,PAKISTAN,SANDALS,624.5641469955444
2025,Spring,SOUTH_ASIA,PAKISTAN,SHIRT,2037.1449584960938
2025,Spring,SOUTH_ASIA,PAKISTAN,SNEAKERS,987.5230102539062
2025,Spring,SOUTH_ASIA,PAKISTAN,SWEATER,181.26680374145508
2025,Spring,SOUTH_ASIA,PAKISTAN,TOP,294.6705017089844
2025,Spring,SOUTH_ASIA,PAKISTAN,VEST,27.02876567840576
2025,Spring,EASTERN_EUROPE,POLAND,BOOTS,286.97960662841797
2025,Spring,EASTERN_EUROPE,POLAND,CARDIGAN,59.792747497558594
2025,Spring,EASTERN_EUROPE,POLAND,JACKET,2822.2156372070312
2025,Spring,EASTERN_EUROPE,POLAND,JEANS,189.3640022277832
2025,Spring,EASTERN_EUROPE,POLAND,SANDALS,795.2415676116943
2025,Spring,EASTERN_EUROPE,POLAND,SHIRT,3133.5362548828125
2025,Spring,EASTERN_EUROPE,POLAND,SNEAKERS,1576.8169250488281
2025,Spring,EASTERN_EUROPE,POLAND,SWEATER,418.5793228149414
2025,Spring,EASTERN_EUROPE,POLAND,TOP,548.0326538085938
2025,Spring,EASTERN_EUROPE,POLAND,VEST,39.24107074737549
2025,Spring,EASTERN_EUROPE,RUSSIA,BOOTS,164.38086318969727
2025,Spring,EASTERN_EUROPE,RUSSIA,CARDIGAN,36.718647956848145
2025,Spring,EASTERN_EUROPE,RUSSIA,JACKET,1837.8469848632812
2025,Spring,EASTERN_EUROPE,RUSSIA,JEANS,122.85213470458984
2025,Spring,EASTERN_EUROPE,RUSSIA,SANDALS,557.8464813232422
2025,Spring,EASTERN_EUROPE,RUSSIA,SHIRT,1951.9396362304688
2025,Spring,EASTERN_EUROPE,RUSSIA,SNEAKERS,1041.9809875488281
2025,Spring,EASTERN_EUROPE,RUSSIA,SWEATER,247.97190856933594
2025,Spring,EASTERN_EUROPE,RUSSIA,TOP,329.4910659790039
2025,Spring,EASTERN_EUROPE,RUSSIA,VEST,34.79829120635986
2025,Spring,MIDDLE_EAST,SAUDI_ARABIA,BOOTS,361.5171203613281
2025,Spring,MIDDLE_EAST,SAUDI_ARABIA,CARDIGAN,78.45322036743164
2025,Spring,MIDDLE_EAST,SAUDI_ARABIA,JACKET,3899.4199829101562
2025,Spring,MIDDLE_EAST,SAUDI_ARABIA,JEANS,289.9463806152344
2025,Spring,MIDDLE_EAST,SAUDI_ARABIA,SANDALS,1184.2506408691406
2025,Spring,MIDDLE_EAST,SAUDI_ARABIA,SHIRT,4406.7733154296875
2025,Spring,MIDDLE_EAST,SAUDI_ARABIA,SNEAKERS,2256.7177124023438
2025,Spring,MIDDLE_EAST,SAUDI_ARABIA,SWEATER,444.5854797363281
2025,Spring,MIDDLE_EAST,SAUDI_ARABIA,TOP,705.2828826904297
2025,Spring,MIDDLE_EAST,SAUDI_ARABIA,VEST,46.63346767425537
2025,Spring,MIDDLE_EAST,UAE,BOOTS,321.14013671875
2025,Spring,MIDDLE_EAST,UAE,CARDIGAN,61.18589782714844
2025,Spring,MIDDLE_EAST,UAE,JACKET,3361.1630249023438
2025,Spring,MIDDLE_EAST,UAE,JEANS,241.0828971862793
2025,Spring,MIDDLE_EAST,UAE,SANDALS,912.1955261230469
2025,Spring,MIDDLE_EAST,UAE,SHIRT,3390.14990234375
2025,Spring,MIDDLE_EAST,UAE,SNEAKERS,1762.2279052734375
2025,Spring,MIDDLE_EAST,UAE,SWEATER,379.12364959716797
2025,Spring,MIDDLE_EAST,UAE,TOP,569.8375854492188
2025,Spring,MIDDLE_EAST,UAE,VEST,44.619075775146484
2025,Spring,NORTH_AMERICA,UNITED_STATES,BOOTS,1064.4670104980469
2025,Spring,NORTH_AMERICA,UNITED_STATES,CARDIGAN,254.4631805419922
2025,Spring,NORTH_AMERICA,UNITED_STATES,JACKET,12401.72314453125
2025,Spring,NORTH_AMERICA,UNITED_STATES,JEANS,889.7378845214844
2025,Spring,NORTH_AMERICA,UNITED_STATES,SANDALS,3431.9950103759766
2025,Spring,NORTH_AMERICA,UNITED_STATES,SHIRT,13324.7607421875
2025,Spring,NORTH_AMERICA,UNITED_STATES,SNEAKERS,7230.97900390625
2025,Spring,NORTH_AMERICA,UNITED_STATES,SWEATER,1321.4317932128906
2025,Spring,NORTH_AMERICA,UNITED_STATES,TOP,1793.824462890625
2025,Spring,NORTH_AMERICA,UNITED_STATES,VEST,213.92525100708008
2025,Spring,SOUTHEAST_ASIA,VIETNAM,BOOTS,260.8857536315918
2025,Spring,SOUTHEAST_ASIA,VIETNAM,CARDIGAN,48.04899215698242
2025,Spring,SOUTHEAST_ASIA,VIETNAM,JACKET,2561.548614501953
2025,Spring,SOUTHEAST_ASIA,VIETNAM,JEANS,157.81281280517578
2025,Spring,SOUTHEAST_ASIA,VIETNAM,SANDALS,707.7477073669434
2025,Spring,SOUTHEAST_ASIA,VIETNAM,SHIRT,2754.462158203125
2025,Spring,SOUTHEAST_ASIA,VIETNAM,SNEAKERS,1432.9005737304688
2025,Spring,SOUTHEAST_ASIA,VIETNAM,SWEATER,312.5590515136719
2025,Spring,SOUTHEAST_ASIA,VIETNAM,TOP,454.7803192138672
2025,Spring,SOUTHEAST_ASIA,VIETNAM,VEST,37.68137264251709
2025,Summer,OCEANIA,AUSTRALIA,BOOTS,328.7543029785156
2025,Summer,OCEANIA,AUSTRALIA,CARDIGAN,112.8254165649414
2025,Summer,OCEANIA,AUSTRALIA,JACKET,3307.2725219726562
2025,Summer,OCEANIA,AUSTRALIA,JEANS,323.0545349121094
2025,Summer,OCEANIA,AUSTRALIA,SANDALS,83.01399612426758
2025,Summer,OCEANIA,AUSTRALIA,SHIRT,2399.9866333007812
2025,Summer,OCEANIA,AUSTRALIA,SNEAKERS,1374.046875
2025,Summer,OCEANIA,AUSTRALIA,SWEATER,883.5507659912109
2025,Summer,OCEANIA,AUSTRALIA,TOP,565.8650970458984
2025,Summer,OCEANIA,AUSTRALIA,VEST,53.06199645996094
2025,Summer,LATIN_AMERICA,BRAZIL,BOOTS,612.5067901611328
2025,Summer,LATIN_AMERICA,BRAZIL,CARDIGAN,297.1481628417969
2025,Summer,LATIN_AMERICA,BRAZIL,JACKET,6207.066162109375
2025,Summer,LATIN_AMERICA,BRAZIL,JEANS,605.5175476074219
2025,Summer,LATIN_AMERICA,BRAZIL,SANDALS,174.20592498779297
2025,Summer,LATIN_AMERICA,BRAZIL,SHIRT,4478.3521728515625
2025,Summer,LATIN_AMERICA,BRAZIL,SNEAKERS,2967.7421264648438
2025,Summer,LATIN_AMERICA,BRAZIL,SWEATER,1714.0626220703125
2025,Summer,LATIN_AMERICA,BRAZIL,TOP,917.0354309082031
2025,Summer,LATIN_AMERICA,BRAZIL,VEST,97.37906265258789
2025,Summer,NORTH_AMERICA,CANADA,BOOTS,250.58080673217773
2025,Summer,NORTH_AMERICA,CANADA,CARDIGAN,105.6718921661377
2025,Summer,NORTH_AMERICA,CANADA,JACKET,2471.964385986328
2025,Summer,NORTH_AMERICA,CANADA,JEANS,269.6268119812012
2025,Summer,NORTH_AMERICA,CANADA,SANDALS,618.5442161560059
2025,Summer,NORTH_AMERICA,CANADA,SHIRT,2683.5805053710938
2025,Summer,NORTH_AMERICA,CANADA,SNEAKERS,1521.5654296875
2025,Summer,NORTH_AMERICA,CANADA,SWEATER,1177.0655059814453
2025,Summer,NORTH_AMERICA,CANADA,TOP,578.8492126464844
2025,Summer,NORTH_AMERICA,CANADA,VEST,45.662675857543945
2025,Summer,EAST_ASIA,CHINA,BOOTS,638.2259979248047
2025,Summer,EAST_ASIA,CHINA,CARDIGAN,326.7539978027344
2025,Summer,EAST_ASIA,CHINA,JACKET,6725.3563232421875
2025,Summer,EAST_ASIA,CHINA,JEANS,909.3718566894531
2025,Summer,EAST_ASIA,CHINA,SANDALS,2010.2332611083984
2025,Summer,EAST_ASIA,CHINA,SHIRT,7674.485595703125
2025,Summer,EAST_ASIA,CHINA,SNEAKERS,4089.8984375
2025,Summer,EAST_ASIA,CHINA,SWEATER,3028.568817138672
2025,Summer,EAST_ASIA,CHINA,TOP,1387.9292907714844
2025,Summer,EAST_ASIA,CHINA,VEST,134.6370677947998
2025,Summer,WESTERN_EUROPE,FRANCE,BOOTS,821.6791229248047
2025,Summer,WESTERN_EUROPE,FRANCE,CARDIGAN,374.3301544189453
2025,Summer,WESTERN_EUROPE,FRANCE,JACKET,6975.9913330078125
2025,Summer,WESTERN_EUROPE,FRANCE,JEANS,929.0665283203125
2025,Summer,WESTERN_EUROPE,FRANCE,SANDALS,1935.988784790039
2025,Summer,WESTERN_EUROPE,FRANCE,SHIRT,8953.114501953125
2025,Summer,WESTERN_EUROPE,FRANCE,SNEAKERS,4483.648681640625
2025,Summer,WESTERN_EUROPE,FRANCE,SWEATER,3963.509765625
2025,Summer,WESTERN_EUROPE,FRANCE,TOP,1563.8003540039062
2025,Summer,WESTERN_EUROPE,FRANCE,VEST,142.73539352416992
2025,Summer,WESTERN_EUROPE,GERMANY,BOOTS,851.7046966552734
2025,Summer,WESTERN_EUROPE,GERMANY,CARDIGAN,447.78528594970703
2025,Summer,WESTERN_EUROPE,GERMANY,JACKET,9864.304565429688
2025,Summer,WESTERN_EUROPE,GERMANY,JEANS,1027.9106750488281
2025,Summer,WESTERN_EUROPE,GERMANY,SANDALS,2363.6494750976562
2025,Summer,WESTERN_EUROPE,GERMANY,SHIRT,10282.77001953125
2025,Summer,WESTERN_EUROPE,GERMANY,SNEAKERS,5747.93017578125
2025,Summer,WESTERN_EUROPE,GERMANY,SWEATER,4158.7388916015625
2025,Summer,WESTERN_EUROPE,GERMANY,TOP,1806.2739868164062
2025,Summer,WESTERN_EUROPE,GERMANY,VEST,201.78834533691406
2025,Summer,SOUTH_ASIA,INDIA,BOOTS,507.6568374633789
2025,Summer,SOUTH_ASIA,INDIA,CARDIGAN,243.3208999633789
2025,Summer,SOUTH_ASIA,INDIA,JACKET,5337.128112792969
2025,Summer,SOUTH_ASIA,INDIA,JEANS,577.7794952392578
2025,Summer,SOUTH_ASIA,INDIA,SANDALS,1695.6793670654297
2025,Summer,SOUTH_ASIA,INDIA,SHIRT,6339.486328125
2025,Summer,SOUTH_ASIA,INDIA,SNEAKERS,3394.479736328125
2025,Summer,SOUTH_ASIA,INDIA,SWEATER,2540.4029541015625
2025,Summer,SOUTH_ASIA,INDIA,TOP,1028.6549682617188
2025,Summer,SOUTH_ASIA,INDIA,VEST,91.95246696472168
2025,Summer,SOUTHEAST_ASIA,INDONESIA,BOOTS,403.7656707763672
2025,Summer,SOUTHEAST_ASIA,INDONESIA,CARDIGAN,164.85138511657715
2025,Summer,SOUTHEAST_ASIA,INDONESIA,JACKET,3841.2913818359375
2025,Summer,SOUTHEAST_ASIA,INDONESIA,JEANS,485.95255279541016
2025,Summer,SOUTHEAST_ASIA,INDONESIA,SANDALS,1025.8196334838867
2025,Summer,SOUTHEAST_ASIA,INDONESIA,SHIRT,4344.443603515625
2025,Summer,SOUTHEAST_ASIA,INDONESIA,SNEAKERS,2212.279052734375
2025,Summer,SOUTHEAST_ASIA,INDONESIA,SWEATER,1771.3388214111328
2025,Summer,SOUTHEAST_ASIA,INDONESIA,TOP,735.9057922363281
2025,Summer,SOUTHEAST_ASIA,INDONESIA,VEST,66.54734134674072
2025,Summer,EAST_ASIA,JAPAN,BOOTS,416.65840911865234
2025,Summer,EAST_ASIA,JAPAN,CARDIGAN,180.8148078918457
2025,Summer,EAST_ASIA,JAPAN,JACKET,3579.826171875
2025,Summer,EAST_ASIA,JAPAN,JEANS,493.8343276977539
2025,Summer,EAST_ASIA,JAPAN,SANDALS,1027.9100341796875
2025,Summer,EAST_ASIA,JAPAN,SHIRT,4152.925048828125
2025,Summer,EAST_ASIA,JAPAN,SNEAKERS,1948.44580078125
2025,Summer,EAST_ASIA,JAPAN,SWEATER,1820.7361602783203
2025,Summer,EAST_ASIA,JAPAN,TOP,773.1162414550781
2025,Summer,EAST_ASIA,JAPAN,VEST,63.78863525390625
2025,Summer,LATIN_AMERICA,MEXICO,BOOTS,352.74364471435547
2025,Summer,LATIN_AMERICA,MEXICO,CARDIGAN,131.56066703796387
2025,Summer,LATIN_AMERICA,MEXICO,JACKET,3236.988006591797
2025,Summer,LATIN_AMERICA,MEXICO,JEANS,375.9907569885254
2025,Summer,LATIN_AMERICA,MEXICO,SANDALS,741.3182373046875
2025,Summer,LATIN_AMERICA,MEXICO,SHIRT,3726.3919677734375
2025,Summer,LATIN_AMERICA,MEXICO,SNEAKERS,1981.1212768554688
2025,Summer,LATIN_AMERICA,MEXICO,SWEATER,1451.0199432373047
2025,Summer,LATIN_AMERICA,MEXICO,TOP,682.3398284912109
2025,Summer,LATIN_AMERICA,MEXICO,VEST,53.013038635253906
2025,Summer,OCEANIA,NEW_ZEALAND,BOOTS,90.74846267700195
2025,Summer,OCEANIA,NEW_ZEALAND,CARDIGAN,35.36242389678955
2025,Summer,OCEANIA,NEW_ZEALAND,JACKET,1037.48974609375
2025,Summer,OCEANIA,NEW_ZEALAND,JEANS,85.48344039916992
2025,Summer,OCEANIA,NEW_ZEALAND,SANDALS,29.90308141708374
2025,Summer,OCEANIA,NEW_ZEALAND,SHIRT,818.5130310058594
2025,Summer,OCEANIA,NEW_ZEALAND,SNEAKERS,456.6983642578125
2025,Summer,OCEANIA,NEW_ZEALAND,SWEATER,289.6348571777344
2025,Summer,OCEANIA,NEW_ZEALAND,TOP,140.48508834838867
2025,Summer,OCEANIA,NEW_ZEALAND,VEST,19.4835205078125
2025,Summer,SOUTH_ASIA,PAKISTAN,BOOTS,147.88312149047852
2025,Summer,SOUTH_ASIA,PAKISTAN,CARDIGAN,71.06596374511719
2025,Summer,SOUTH_ASIA,PAKISTAN,JACKET,1760.33837890625
2025,Summer,SOUTH_ASIA,PAKISTAN,JEANS,177.46472930908203
2025,Summer,SOUTH_ASIA,PAKISTAN,SANDALS,504.3134117126465
2025,Summer,SOUTH_ASIA,PAKISTAN,SHIRT,2051.1453857421875
2025,Summer,SOUTH_ASIA,PAKISTAN,SNEAKERS,958.8619995117188
2025,Summer,SOUTH_ASIA,PAKISTAN,SWEATER,753.7648468017578
2025,Summer,SOUTH_ASIA,PAKISTAN,TOP,351.86175537109375
2025,Summer,SOUTH_ASIA,PAKISTAN,VEST,33.51635551452637
2025,Summer,EASTERN_EUROPE,POLAND,BOOTS,301.75439453125
2025,Summer,EASTERN_EUROPE,POLAND,CARDIGAN,133.6595001220703
2025,Summer,EASTERN_EUROPE,POLAND,JACKET,2737.1185302734375
2025,Summer,EASTERN_EUROPE,POLAND,JEANS,333.8170394897461
2025,Summer,EASTERN_EUROPE,POLAND,SANDALS,674.4646835327148
2025,Summer,EASTERN_EUROPE,POLAND,SHIRT,3211.0391235351562
2025,Summer,EASTERN_EUROPE,POLAND,SNEAKERS,1565.9952087402344
2025,Summer,EASTERN_EUROPE,POLAND,SWEATER,1327.3497009277344
2025,Summer,EASTERN_EUROPE,POLAND,TOP,683.1931457519531
2025,Summer,EASTERN_EUROPE,POLAND,VEST,51.38954448699951
2025,Summer,EASTERN_EUROPE,RUSSIA,BOOTS,177.6741485595703
2025,Summer,EASTERN_EUROPE,RUSSIA,CARDIGAN,77.58490943908691
2025,Summer,EASTERN_EUROPE,RUSSIA,JACKET,1729.5044555664062
2025,Summer,EASTERN_EUROPE,RUSSIA,JEANS,227.9409637451172
2025,Summer,EASTERN_EUROPE,RUSSIA,SANDALS,450.16986656188965
2025,Summer,EASTERN_EUROPE,RUSSIA,SHIRT,1925.624267578125
2025,Summer,EASTERN_EUROPE,RUSSIA,SNEAKERS,1006.4284057617188
2025,Summer,EASTERN_EUROPE,RUSSIA,SWEATER,926.2568664550781
2025,Summer,EASTERN_EUROPE,RUSSIA,TOP,420.1238021850586
2025,Summer,EASTERN_EUROPE,RUSSIA,VEST,38.93923759460449
2025,Summer,MIDDLE_EAST,SAUDI_ARABIA,BOOTS,377.62181854248047
2025,Summer,MIDDLE_EAST,SAUDI_ARABIA,CARDIGAN,191.24264907836914
2025,Summer,MIDDLE_EAST,SAUDI_ARABIA,JACKET,3563.8490600585938
2025,Summer,MIDDLE_EAST,SAUDI_ARABIA,JEANS,495.6861267089844
2025,Summer,MIDDLE_EAST,SAUDI_ARABIA,SANDALS,1065.3394393920898
2025,Summer,MIDDLE_EAST,SAUDI_ARABIA,SHIRT,4860.37451171875
2025,Summer,MIDDLE_EAST,SAUDI_ARABIA,SNEAKERS,2378.8795776367188
2025,Summer,MIDDLE_EAST,SAUDI_ARABIA,SWEATER,1840.5042877197266
2025,Summer,MIDDLE_EAST,SAUDI_ARABIA,TOP,818.8760070800781
2025,Summer,MIDDLE_EAST,SAUDI_ARABIA,VEST,66.38082599639893
2025,Summer,MIDDLE_EAST,UAE,BOOTS,336.8921432495117
2025,Summer,MIDDLE_EAST,UAE,CARDIGAN,120.00849914550781
2025,Summer,MIDDLE_EAST,UAE,JACKET,2961.7058715820312
2025,Summer,MIDDLE_EAST,UAE,JEANS,383.23780822753906
2025,Summer,MIDDLE_EAST,UAE,SANDALS,712.3538818359375
2025,Summer,MIDDLE_EAST,UAE,SHIRT,3560.1141357421875
2025,Summer,MIDDLE_EAST,UAE,SNEAKERS,1755.45458984375
2025,Summer,MIDDLE_EAST,UAE,SWEATER,1416.5685272216797
2025,Summer,MIDDLE_EAST,UAE,TOP,696.4730377197266
2025,Summer,MIDDLE_EAST,UAE,VEST,56.825026512145996
2025,Summer,NORTH_AMERICA,UNITED_STATES,BOOTS,1136.2322845458984
2025,Summer,NORTH_AMERICA,UNITED_STATES,CARDIGAN,558.9374237060547
2025,Summer,NORTH_AMERICA,UNITED_STATES,JACKET,10603.105102539062
2025,Summer,NORTH_AMERICA,UNITED_STATES,JEANS,1442.108657836914
2025,Summer,NORTH_AMERICA,UNITED_STATES,SANDALS,2947.9036407470703
2025,Summer,NORTH_AMERICA,UNITED_STATES,SHIRT,13557.207275390625
2025,Summer,NORTH_AMERICA,UNITED_STATES,SNEAKERS,7132.5068359375
2025,Summer,NORTH_AMERICA,UNITED_STATES,SWEATER,4943.462585449219
2025,Summer,NORTH_AMERICA,UNITED_STATES,TOP,2142.8872680664062
2025,Summer,NORTH_AMERICA,UNITED_STATES,VEST,254.77956771850586
2025,Summer,SOUTHEAST_ASIA,VIETNAM,BOOTS,249.01542282104492
2025,Summer,SOUTHEAST_ASIA,VIETNAM,CARDIGAN,104.75523567199707
2025,Summer,SOUTHEAST_ASIA,VIETNAM,JACKET,2349.5219116210938
2025,Summer,SOUTHEAST_ASIA,VIETNAM,JEANS,261.29299545288086
2025,Summer,SOUTHEAST_ASIA,VIETNAM,SANDALS,573.8555450439453
2025,Summer,SOUTHEAST_ASIA,VIETNAM,SHIRT,2890.500244140625
2025,Summer,SOUTHEAST_ASIA,VIETNAM,SNEAKERS,1417.2225952148438
2025,Summer,SOUTHEAST_ASIA,VIETNAM,SWEATER,1170.046127319336
2025,Summer,SOUTHEAST_ASIA,VIETNAM,TOP,558.8829040527344
2025,Summer,SOUTHEAST_ASIA,VIETNAM,VEST,43.24555587768555
2025,Winter,OCEANIA,AUSTRALIA,BOOTS,301.8824157714844
2025,Winter,OCEANIA,AUSTRALIA,CARDIGAN,100.55823135375977
2025,Winter,OCEANIA,AUSTRALIA,JACKET,2991.2811279296875
2025,Winter,OCEANIA,AUSTRALIA,JEANS,320.0313034057617
2025,Winter,OCEANIA,AUSTRALIA,SANDALS,80.3592586517334
2025,Winter,OCEANIA,AUSTRALIA,SHIRT,2370.5794067382812
2025,Winter,OCEANIA,AUSTRALIA,SNEAKERS,1259.1810302734375
2025,Winter,OCEANIA,AUSTRALIA,SWEATER,852.1263427734375
2025,Winter,OCEANIA,AUSTRALIA,TOP,490.3988494873047
2025,Winter,OCEANIA,AUSTRALIA,VEST,53.48216247558594
2025,Winter,LATIN_AMERICA,BRAZIL,BOOTS,570.6177215576172
2025,Winter,LATIN_AMERICA,BRAZIL,CARDIGAN,257.2467803955078
2025,Winter,LATIN_AMERICA,BRAZIL,JACKET,6342.222412109375
2025,Winter,LATIN_AMERICA,BRAZIL,JEANS,558.2145385742188
2025,Winter,LATIN_AMERICA,BRAZIL,SANDALS,198.93983840942383
2025,Winter,LATIN_AMERICA,BRAZIL,SHIRT,4617.064208984375
2025,Winter,LATIN_AMERICA,BRAZIL,SNEAKERS,2571.2997436523438
2025,Winter,LATIN_AMERICA,BRAZIL,SWEATER,1600.4064331054688
2025,Winter,LATIN_AMERICA,BRAZIL,TOP,873.2069396972656
2025,Winter,LATIN_AMERICA,BRAZIL,VEST,107.46711349487305
2025,Winter,NORTH_AMERICA,CANADA,BOOTS,432.839599609375
2025,Winter,NORTH_AMERICA,CANADA,CARDIGAN,186.83140182495117
2025,Winter,NORTH_AMERICA,CANADA,JACKET,5924.725830078125
2025,Winter,NORTH_AMERICA,CANADA,JEANS,445.9963912963867
2025,Winter,NORTH_AMERICA,CANADA,SANDALS,23.954535007476807
2025,Winter,NORTH_AMERICA,CANADA,SHIRT,2347.8946533203125
2025,Winter,NORTH_AMERICA,CANADA,SNEAKERS,1483.7087097167969
2025,Winter,NORTH_AMERICA,CANADA,SWEATER,1082.577003479004
2025,Winter,NORTH_AMERICA,CANADA,TOP,534.8645629882812
2025,Winter,NORTH_AMERICA,CANADA,VEST,83.6220817565918
2025,Winter,EAST_ASIA,CHINA,BOOTS,1268.3026428222656
2025,Winter,EAST_ASIA,CHINA,CARDIGAN,582.7856254577637
2025,Winter,EAST_ASIA,CHINA,JACKET,16686.48779296875
2025,Winter,EAST_ASIA,CHINA,JEANS,1120.6938171386719
2025,Winter,EAST_ASIA,CHINA,SANDALS,63.87926959991455
2025,Winter,EAST_ASIA,CHINA,SHIRT,6735.34228515625
2025,Winter,EAST_ASIA,CHINA,SNEAKERS,4310.6292724609375
2025,Winter,EAST_ASIA,CHINA,SWEATER,3749.9027404785156
2025,Winter,EAST_ASIA,CHINA,TOP,1575.7335815429688
2025,Winter,EAST_ASIA,CHINA,VEST,243.89564514160156
2025,Winter,WESTERN_EUROPE,FRANCE,BOOTS,1428.2763671875
2025,Winter,WESTERN_EUROPE,FRANCE,CARDIGAN,546.4043006896973
2025,Winter,WESTERN_EUROPE,FRANCE,JACKET,19298.23486328125
2025,Winter,WESTERN_EUROPE,FRANCE,JEANS,1333.0486755371094
2025,Winter,WESTERN_EUROPE,FRANCE,SANDALS,69.1223030090332
2025,Winter,WESTERN_EUROPE,FRANCE,SHIRT,7311.735595703125
2025,Winter,WESTERN_EUROPE,FRANCE,SNEAKERS,4805.9490966796875
2025,Winter,WESTERN_EUROPE,FRANCE,SWEATER,4476.039825439453
2025,Winter,WESTERN_EUROPE,FRANCE,TOP,1879.9591674804688
2025,Winter,WESTERN_EUROPE,FRANCE,VEST,290.94482040405273
2025,Winter,WESTERN_EUROPE,GERMANY,BOOTS,1717.9140319824219
2025,Winter,WESTERN_EUROPE,GERMANY,CARDIGAN,720.9113693237305
2025,Winter,WESTERN_EUROPE,GERMANY,JACKET,21472.44970703125
2025,Winter,WESTERN_EUROPE,GERMANY,JEANS,1361.0757141113281
2025,Winter,WESTERN_EUROPE,GERMANY,SANDALS,87.00882339477539
2025,Winter,WESTERN_EUROPE,GERMANY,SHIRT,8477.834716796875
2025,Winter,WESTERN_EUROPE,GERMANY,SNEAKERS,5948.756591796875
2025,Winter,WESTERN_EUROPE,GERMANY,SWEATER,4467.551666259766
2025,Winter,WESTERN_EUROPE,GERMANY,TOP,2061.0050048828125
2025,Winter,WESTERN_EUROPE,GERMANY,VEST,397.69310760498047
2025,Winter,SOUTH_ASIA,INDIA,BOOTS,984.0995330810547
2025,Winter,SOUTH_ASIA,INDIA,CARDIGAN,395.3126029968262
2025,Winter,SOUTH_ASIA,INDIA,JACKET,13483.76513671875
2025,Winter,SOUTH_ASIA,INDIA,JEANS,791.6419067382812
2025,Winter,SOUTH_ASIA,INDIA,SANDALS,51.08384704589844
2025,Winter,SOUTH_ASIA,INDIA,SHIRT,4796.4949951171875
2025,Winter,SOUTH_ASIA,INDIA,SNEAKERS,3021.496826171875
2025,Winter,SOUTH_ASIA,INDIA,SWEATER,2862.421676635742
2025,Winter,SOUTH_ASIA,INDIA,TOP,1236.8970336914062
2025,Winter,SOUTH_ASIA,INDIA,VEST,192.96205520629883
2025,Winter,SOUTHEAST_ASIA,INDONESIA,BOOTS,685.8626098632812
2025,Winter,SOUTHEAST_ASIA,INDONESIA,CARDIGAN,272.14795684814453
2025,Winter,SOUTHEAST_ASIA,INDONESIA,JACKET,7945.44970703125
2025,Winter,SOUTHEAST_ASIA,INDONESIA,JEANS,566.497932434082
2025,Winter,SOUTHEAST_ASIA,INDONESIA,SANDALS,33.07836627960205
2025,Winter,SOUTHEAST_ASIA,INDONESIA,SHIRT,3542.0479736328125
2025,Winter,SOUTHEAST_ASIA,INDONESIA,SNEAKERS,2376.2764282226562
2025,Winter,SOUTHEAST_ASIA,INDONESIA,SWEATER,2077.6805114746094
2025,Winter,SOUTHEAST_ASIA,INDONESIA,TOP,839.1650390625
2025,Winter,SOUTHEAST_ASIA,INDONESIA,VEST,142.88329315185547
2025,Winter,EAST_ASIA,JAPAN,BOOTS,634.365966796875
2025,Winter,EAST_ASIA,JAPAN,CARDIGAN,273.3462448120117
2025,Winter,EAST_ASIA,JAPAN,JACKET,8417.38623046875
2025,Winter,EAST_ASIA,JAPAN,JEANS,574.4737319946289
2025,Winter,EAST_ASIA,JAPAN,SANDALS,32.83547878265381
2025,Winter,EAST_ASIA,JAPAN,SHIRT,3357.6663818359375
2025,Winter,EAST_ASIA,JAPAN,SNEAKERS,2278.688232421875
2025,Winter,EAST_ASIA,JAPAN,SWEATER,1936.3941345214844
2025,Winter,EAST_ASIA,JAPAN,TOP,805.9590911865234
2025,Winter,EAST_ASIA,JAPAN,VEST,133.35734939575195
2025,Winter,LATIN_AMERICA,MEXICO,BOOTS,587.9468536376953
2025,Winter,LATIN_AMERICA,MEXICO,CARDIGAN,217.8567123413086
2025,Winter,LATIN_AMERICA,MEXICO,JACKET,7723.6087646484375
2025,Winter,LATIN_AMERICA,MEXICO,JEANS,476.73206329345703
2025,Winter,LATIN_AMERICA,MEXICO,SANDALS,30.166585445404053
2025,Winter,LATIN_AMERICA,MEXICO,SHIRT,2794.5442504882812
2025,Winter,LATIN_AMERICA,MEXICO,SNEAKERS,1790.470703125
2025,Winter,LATIN_AMERICA,MEXICO,SWEATER,1636.4140548706055
2025,Winter,LATIN_AMERICA,MEXICO,TOP,743.8715515136719
2025,Winter,LATIN_AMERICA,MEXICO,VEST,111.82805061340332
2025,Winter,OCEANIA,NEW_ZEALAND,BOOTS,92.11771202087402
2025,Winter,OCEANIA,NEW_ZEALAND,CARDIGAN,34.555663108825684
2025,Winter,OCEANIA,NEW_ZEALAND,JACKET,989.486328125
2025,Winter,OCEANIA,NEW_ZEALAND,JEANS,97.37436294555664
2025,Winter,OCEANIA,NEW_ZEALAND,SANDALS,32.79169273376465
2025,Winter,OCEANIA,NEW_ZEALAND,SHIRT,736.4183044433594
2025,Winter,OCEANIA,NEW_ZEALAND,SNEAKERS,422.38172912597656
2025,Winter,OCEANIA,NEW_ZEALAND,SWEATER,287.94022369384766
2025,Winter,OCEANIA,NEW_ZEALAND,TOP,159.3053436279297
2025,Winter,OCEANIA,NEW_ZEALAND,VEST,21.185104370117188
2025,Winter,SOUTH_ASIA,PAKISTAN,BOOTS,277.82079315185547
2025,Winter,SOUTH_ASIA,PAKISTAN,CARDIGAN,130.7324924468994
2025,Winter,SOUTH_ASIA,PAKISTAN,JACKET,4101.3851318359375
2025,Winter,SOUTH_ASIA,PAKISTAN,JEANS,265.903263092041
2025,Winter,SOUTH_ASIA,PAKISTAN,SANDALS,15.869913101196289
2025,Winter,SOUTH_ASIA,PAKISTAN,SHIRT,1746.8626708984375
2025,Winter,SOUTH_ASIA,PAKISTAN,SNEAKERS,1042.0132446289062
2025,Winter,SOUTH_ASIA,PAKISTAN,SWEATER,929.5101470947266
2025,Winter,SOUTH_ASIA,PAKISTAN,TOP,418.09842681884766
2025,Winter,SOUTH_ASIA,PAKISTAN,VEST,55.456552505493164
2025,Winter,EASTERN_EUROPE,POLAND,BOOTS,527.8600845336914
2025,Winter,EASTERN_EUROPE,POLAND,CARDIGAN,214.15945625305176
2025,Winter,EASTERN_EUROPE,POLAND,JACKET,6296.33642578125
2025,Winter,EASTERN_EUROPE,POLAND,JEANS,429.92274475097656
2025,Winter,EASTERN_EUROPE,POLAND,SANDALS,21.565147876739502
2025,Winter,EASTERN_EUROPE,POLAND,SHIRT,2664.8057861328125
2025,Winter,EASTERN_EUROPE,POLAND,SNEAKERS,1749.4662475585938
2025,Winter,EASTERN_EUROPE,POLAND,SWEATER,1418.6279373168945
2025,Winter,EASTERN_EUROPE,POLAND,TOP,648.2984619140625
2025,Winter,EASTERN_EUROPE,POLAND,VEST,100.15177154541016
2025,Winter,EASTERN_EUROPE,RUSSIA,BOOTS,336.00018310546875
2025,Winter,EASTERN_EUROPE,RUSSIA,CARDIGAN,138.59532165527344
2025,Winter,EASTERN_EUROPE,RUSSIA,JACKET,4055.75830078125
2025,Winter,EASTERN_EUROPE,RUSSIA,JEANS,307.5577583312988
2025,Winter,EASTERN_EUROPE,RUSSIA,SANDALS,16.029623985290527
2025,Winter,EASTERN_EUROPE,RUSSIA,SHIRT,1640.2158203125
2025,Winter,EASTERN_EUROPE,RUSSIA,SNEAKERS,1125.3753662109375
2025,Winter,EASTERN_EUROPE,RUSSIA,SWEATER,878.7695236206055
2025,Winter,EASTERN_EUROPE,RUSSIA,TOP,475.170166015625
2025,Winter,EASTERN_EUROPE,RUSSIA,VEST,65.91639137268066
2025,Winter,MIDDLE_EAST,SAUDI_ARABIA,BOOTS,711.4143371582031
2025,Winter,MIDDLE_EAST,SAUDI_ARABIA,CARDIGAN,312.50259017944336
2025,Winter,MIDDLE_EAST,SAUDI_ARABIA,JACKET,8395.828857421875
2025,Winter,MIDDLE_EAST,SAUDI_ARABIA,JEANS,627.6560668945312
2025,Winter,MIDDLE_EAST,SAUDI_ARABIA,SANDALS,39.38423538208008
2025,Winter,MIDDLE_EAST,SAUDI_ARABIA,SHIRT,3529.89794921875
2025,Winter,MIDDLE_EAST,SAUDI_ARABIA,SNEAKERS,2262.5582885742188
2025,Winter,MIDDLE_EAST,SAUDI_ARABIA,SWEATER,2028.5866088867188
2025,Winter,MIDDLE_EAST,SAUDI_ARABIA,TOP,817.4277496337891
2025,Winter,MIDDLE_EAST,SAUDI_ARABIA,VEST,136.06721687316895
2025,Winter,MIDDLE_EAST,UAE,BOOTS,579.1682281494141
2025,Winter,MIDDLE_EAST,UAE,CARDIGAN,216.2543125152588
2025,Winter,MIDDLE_EAST,UAE,JACKET,6972.83642578125
2025,Winter,MIDDLE_EAST,UAE,JEANS,524.3059310913086
2025,Winter,MIDDLE_EAST,UAE,SANDALS,26.822638034820557
2025,Winter,MIDDLE_EAST,UAE,SHIRT,2747.0221557617188
2025,Winter,MIDDLE_EAST,UAE,SNEAKERS,1797.3517456054688
2025,Winter,MIDDLE_EAST,UAE,SWEATER,1586.8247146606445
2025,Winter,MIDDLE_EAST,UAE,TOP,722.9297637939453
2025,Winter,MIDDLE_EAST,UAE,VEST,130.176362991333
2025,Winter,NORTH_AMERICA,UNITED_STATES,BOOTS,2101.380340576172
2025,Winter,NORTH_AMERICA,UNITED_STATES,CARDIGAN,996.2006912231445
2025,Winter,NORTH_AMERICA,UNITED_STATES,JACKET,24615.9189453125
2025,Winter,NORTH_AMERICA,UNITED_STATES,JEANS,1819.2157287597656
2025,Winter,NORTH_AMERICA,UNITED_STATES,SANDALS,92.11443901062012
2025,Winter,NORTH_AMERICA,UNITED_STATES,SHIRT,11000.10107421875
2025,Winter,NORTH_AMERICA,UNITED_STATES,SNEAKERS,7833.203125
2025,Winter,NORTH_AMERICA,UNITED_STATES,SWEATER,6200.898956298828
2025,Winter,NORTH_AMERICA,UNITED_STATES,TOP,2658.0098876953125
2025,Winter,NORTH_AMERICA,UNITED_STATES,VEST,509.6822052001953
2025,Winter,SOUTHEAST_ASIA,VIETNAM,BOOTS,454.92618560791016
2025,Winter,SOUTHEAST_ASIA,VIETNAM,CARDIGAN,179.77187156677246
2025,Winter,SOUTHEAST_ASIA,VIETNAM,JACKET,5618.02880859375
2025,Winter,SOUTHEAST_ASIA,VIETNAM,JEANS,351.9165267944336
2025,Winter,SOUTHEAST_ASIA,VIETNAM,SANDALS,21.317426681518555
2025,Winter,SOUTHEAST_ASIA,VIETNAM,SHIRT,2418.9190673828125
2025,Winter,SOUTHEAST_ASIA,VIETNAM,SNEAKERS,1608.8160095214844
2025,Winter,SOUTHEAST_ASIA,VIETNAM,SWEATER,1251.4976119995117
2025,Winter,SOUTHEAST_ASIA,VIETNAM,TOP,522.4312744140625
2025,Winter,SOUTHEAST_ASIA,VIETNAM,VEST,84.48709869384766
