Year,Region,Country,Product_Type,Sales_Volume
2025,OCEANIA,AUSTRALIA,BOOTS,1401.734489440918
2025,OCEANIA,AUSTRALIA,CARDIGAN,442.54480743408203
2025,OCEANIA,AUSTRALIA,JACKET,13571.388061523438
2025,OCEANIA,AUSTRALIA,JEANS,1397.5461349487305
2025,OCEANIA,AUSTRALIA,SANDALS,331.0074291229248
2025,OCEANIA,AUSTRALIA,SHIRT,9656.476867675781
2025,OCEANIA,AUSTRALIA,SNEAKERS,5607.5296630859375
2025,OCEANIA,AUSTRALIA,SWEATER,3561.222366333008
2025,OCEANIA,AUSTRALIA,TOP,2282.860794067383
2025,OCEANIA,AUSTRALIA,VEST,229.48891067504883
2025,LATIN_AMERICA,BRAZIL,BOOTS,2646.745071411133
2025,LATIN_AMERICA,BRAZIL,CARDIGAN,1154.2328262329102
2025,LATIN_AMERICA,BRAZIL,JACKET,28071.54345703125
2025,LATIN_AMERICA,BRAZIL,JEANS,2463.1039428710938
2025,LATIN_AMERICA,BRAZIL,SANDALS,745.8322219848633
2025,LATIN_AMERICA,BRAZIL,SHIRT,18972.419189453125
2025,LATIN_AMERICA,BRAZIL,SNEAKERS,11685.066833496094
2025,LATIN_AMERICA,BRAZIL,SWEATER,6519.094451904297
2025,LATIN_AMERICA,BRAZIL,TOP,3882.65625
2025,LATIN_AMERICA,BRAZIL,VEST,439.7712173461914
2025,NORTH_AMERICA,CANADA,BOOTS,1590.494945526123
2025,NORTH_AMERICA,CANADA,CARDIGAN,677.3855304718018
2025,NORTH_AMERICA,CANADA,JACKET,18396.48226928711
2025,NORTH_AMERICA,CANADA,JEANS,1647.0450820922852
2025,NORTH_AMERICA,CANADA,SANDALS,1398.0833988189697
2025,NORTH_AMERICA,CANADA,SHIRT,10168.968933105469
2025,NORTH_AMERICA,CANADA,SNEAKERS,6496.598175048828
2025,NORTH_AMERICA,CANADA,SWEATER,5189.129669189453
2025,NORTH_AMERICA,CANADA,TOP,2478.258819580078
2025,NORTH_AMERICA,CANADA,VEST,282.78976249694824
2025,EAST_ASIA,CHINA,BOOTS,4280.058074951172
2025,EAST_ASIA,CHINA,CARDIGAN,2248.689628601074
2025,EAST_ASIA,CHINA,JACKET,50885.57580566406
2025,EAST_ASIA,CHINA,JEANS,4495.11360168457
2025,EAST_ASIA,CHINA,SANDALS,4596.509208679199
2025,EAST_ASIA,CHINA,SHIRT,29335.55126953125
2025,EAST_ASIA,CHINA,SNEAKERS,18308.635498046875
2025,EAST_ASIA,CHINA,SWEATER,16059.251831054688
2025,EAST_ASIA,CHINA,TOP,6578.8551025390625
2025,EAST_ASIA,CHINA,VEST,868.4753189086914
2025,WESTERN_EUROPE,FRANCE,BOOTS,5074.221832275391
2025,WESTERN_EUROPE,FRANCE,CARDIGAN,2259.1156005859375
2025,WESTERN_EUROPE,FRANCE,JACKET,57087.51806640625
2025,WESTERN_EUROPE,FRANCE,JEANS,5006.9205322265625
2025,WESTERN_EUROPE,FRANCE,SANDALS,4529.97262096405
2025,WESTERN_EUROPE,FRANCE,SHIRT,33095.510498046875
2025,WESTERN_EUROPE,FRANCE,SNEAKERS,19710.822021484375
2025,WESTERN_EUROPE,FRANCE,SWEATER,20517.67611694336
2025,WESTERN_EUROPE,FRANCE,TOP,7640.519104003906
2025,WESTERN_EUROPE,FRANCE,VEST,961.8387565612793
2025,WESTERN_EUROPE,GERMANY,BOOTS,6176.718795776367
2025,WESTERN_EUROPE,GERMANY,CARDIGAN,2843.8399543762207
2025,WESTERN_EUROPE,GERMANY,JACKET,67868.26647949219
2025,WESTERN_EUROPE,GERMANY,JEANS,5436.141983032227
2025,WESTERN_EUROPE,GERMANY,SANDALS,5402.184059143066
2025,WESTERN_EUROPE,GERMANY,SHIRT,38298.073486328125
2025,WESTERN_EUROPE,GERMANY,SNEAKERS,24368.885375976562
2025,WESTERN_EUROPE,GERMANY,SWEATER,20583.749969482422
2025,WESTERN_EUROPE,GERMANY,TOP,8550.812133789062
2025,WESTERN_EUROPE,GERMANY,VEST,1424.631175994873
2025,SOUTH_ASIA,INDIA,BOOTS,3573.482582092285
2025,SOUTH_ASIA,INDIA,CARDIGAN,1543.913459777832
2025,SOUTH_ASIA,INDIA,JACKET,41230.399353027344
2025,SOUTH_ASIA,INDIA,JEANS,3094.182571411133
2025,SOUTH_ASIA,INDIA,SANDALS,3661.265121459961
2025,SOUTH_ASIA,INDIA,SHIRT,22381.494995117188
2025,SOUTH_ASIA,INDIA,SNEAKERS,13345.719116210938
2025,SOUTH_ASIA,INDIA,SWEATER,13324.969497680664
2025,SOUTH_ASIA,INDIA,TOP,5043.966033935547
2025,SOUTH_ASIA,INDIA,VEST,660.08620262146
2025,SOUTHEAST_ASIA,INDONESIA,BOOTS,2431.4472274780273
2025,SOUTHEAST_ASIA,INDONESIA,CARDIGAN,1069.530891418457
2025,SOUTHEAST_ASIA,INDONESIA,JACKET,26424.77178955078
2025,SOUTHEAST_ASIA,INDONESIA,JEANS,2358.77734375
2025,SOUTHEAST_ASIA,INDONESIA,SANDALS,2226.7050199508667
2025,SOUTHEAST_ASIA,INDONESIA,SHIRT,16008.584594726562
2025,SOUTHEAST_ASIA,INDONESIA,SNEAKERS,9855.593017578125
2025,SOUTHEAST_ASIA,INDONESIA,SWEATER,9339.137351989746
2025,SOUTHEAST_ASIA,INDONESIA,TOP,3600.895248413086
2025,SOUTHEAST_ASIA,INDONESIA,VEST,466.0884647369385
2025,EAST_ASIA,JAPAN,BOOTS,2436.43936920166
2025,EAST_ASIA,JAPAN,CARDIGAN,1118.6663417816162
2025,EAST_ASIA,JAPAN,JACKET,26647.511962890625
2025,EAST_ASIA,JAPAN,JEANS,2410.956398010254
2025,EAST_ASIA,JAPAN,SANDALS,2215.957773208618
2025,EAST_ASIA,JAPAN,SHIRT,15606.586059570312
2025,EAST_ASIA,JAPAN,SNEAKERS,9132.01220703125
2025,EAST_ASIA,JAPAN,SWEATER,8689.282028198242
2025,EAST_ASIA,JAPAN,TOP,3580.6788024902344
2025,EAST_ASIA,JAPAN,VEST,432.35815620422363
2025,LATIN_AMERICA,MEXICO,BOOTS,2182.7461013793945
2025,LATIN_AMERICA,MEXICO,CARDIGAN,837.933629989624
2025,LATIN_AMERICA,MEXICO,JACKET,24942.922943115234
2025,LATIN_AMERICA,MEXICO,JEANS,1935.4450378417969
2025,LATIN_AMERICA,MEXICO,SANDALS,1663.69158411026
2025,LATIN_AMERICA,MEXICO,SHIRT,13587.874572753906
2025,LATIN_AMERICA,MEXICO,SNEAKERS,8086.207702636719
2025,LATIN_AMERICA,MEXICO,SWEATER,7028.433372497559
2025,LATIN_AMERICA,MEXICO,TOP,3166.138229370117
2025,LATIN_AMERICA,MEXICO,VEST,362.5481252670288
2025,OCEANIA,NEW_ZEALAND,BOOTS,392.1091785430908
2025,OCEANIA,NEW_ZEALAND,CARDIGAN,139.6999282836914
2025,OCEANIA,NEW_ZEALAND,JACKET,4572.142517089844
2025,OCEANIA,NEW_ZEALAND,JEANS,389.4549980163574
2025,OCEANIA,NEW_ZEALAND,SANDALS,122.36896657943726
2025,OCEANIA,NEW_ZEALAND,SHIRT,3217.314743041992
2025,OCEANIA,NEW_ZEALAND,SNEAKERS,1993.6167602539062
2025,OCEANIA,NEW_ZEALAND,SWEATER,1176.4153442382812
2025,OCEANIA,NEW_ZEALAND,TOP,666.2607917785645
2025,OCEANIA,NEW_ZEALAND,VEST,87.79259204864502
2025,SOUTH_ASIA,PAKISTAN,BOOTS,998.0782699584961
2025,SOUTH_ASIA,PAKISTAN,CARDIGAN,493.96821308135986
2025,SOUTH_ASIA,PAKISTAN,JACKET,12790.16635131836
2025,SOUTH_ASIA,PAKISTAN,JEANS,1002.0028991699219
2025,SOUTH_ASIA,PAKISTAN,SANDALS,1165.7403478622437
2025,SOUTH_ASIA,PAKISTAN,SHIRT,7818.202575683594
2025,SOUTH_ASIA,PAKISTAN,SNEAKERS,4268.997375488281
2025,SOUTH_ASIA,PAKISTAN,SWEATER,3857.790271759033
2025,SOUTH_ASIA,PAKISTAN,TOP,1738.9743576049805
2025,SOUTH_ASIA,PAKISTAN,VEST,192.58424854278564
2025,EASTERN_EUROPE,POLAND,BOOTS,1865.5699310302734
2025,EASTERN_EUROPE,POLAND,CARDIGAN,825.4688510894775
2025,EASTERN_EUROPE,POLAND,JACKET,19931.78338623047
2025,EASTERN_EUROPE,POLAND,JEANS,1802.5635795593262
2025,EASTERN_EUROPE,POLAND,SANDALS,1516.9593782424927
2025,EASTERN_EUROPE,POLAND,SHIRT,12016.947814941406
2025,EASTERN_EUROPE,POLAND,SNEAKERS,7162.7637939453125
2025,EASTERN_EUROPE,POLAND,SWEATER,6422.439224243164
2025,EASTERN_EUROPE,POLAND,TOP,2915.044891357422
2025,EASTERN_EUROPE,POLAND,VEST,329.78853607177734
2025,EASTERN_EUROPE,RUSSIA,BOOTS,1215.3799629211426
2025,EASTERN_EUROPE,RUSSIA,CARDIGAN,539.9197912216187
2025,EASTERN_EUROPE,RUSSIA,JACKET,12303.465454101562
2025,EASTERN_EUROPE,RUSSIA,JEANS,1243.7841758728027
2025,EASTERN_EUROPE,RUSSIA,SANDALS,1042.6139030456543
2025,EASTERN_EUROPE,RUSSIA,SHIRT,7250.735534667969
2025,EASTERN_EUROPE,RUSSIA,SNEAKERS,4563.1800537109375
2025,EASTERN_EUROPE,RUSSIA,SWEATER,4240.106636047363
2025,EASTERN_EUROPE,RUSSIA,TOP,1968.2967224121094
2025,EASTERN_EUROPE,RUSSIA,VEST,229.3157606124878
2025,MIDDLE_EAST,SAUDI_ARABIA,BOOTS,2494.6506118774414
2025,MIDDLE_EAST,SAUDI_ARABIA,CARDIGAN,1252.068790435791
2025,MIDDLE_EAST,SAUDI_ARABIA,JACKET,26133.548828125
2025,MIDDLE_EAST,SAUDI_ARABIA,JEANS,2545.9692993164062
2025,MIDDLE_EAST,SAUDI_ARABIA,SANDALS,2331.1900968551636
2025,MIDDLE_EAST,SAUDI_ARABIA,SHIRT,16876.614868164062
2025,MIDDLE_EAST,SAUDI_ARABIA,SNEAKERS,9819.203063964844
2025,MIDDLE_EAST,SAUDI_ARABIA,SWEATER,9411.281600952148
2025,MIDDLE_EAST,SAUDI_ARABIA,TOP,3640.4314880371094
2025,MIDDLE_EAST,SAUDI_ARABIA,VEST,471.8837413787842
2025,MIDDLE_EAST,UAE,BOOTS,2098.4226150512695
2025,MIDDLE_EAST,UAE,CARDIGAN,825.10373878479
2025,MIDDLE_EAST,UAE,JACKET,21980.55810546875
2025,MIDDLE_EAST,UAE,JEANS,2034.6747016906738
2025,MIDDLE_EAST,UAE,SANDALS,1679.660099029541
2025,MIDDLE_EAST,UAE,SHIRT,12862.072509765625
2025,MIDDLE_EAST,UAE,SNEAKERS,7548.957092285156
2025,MIDDLE_EAST,UAE,SWEATER,6895.188522338867
2025,MIDDLE_EAST,UAE,TOP,3076.5010681152344
2025,MIDDLE_EAST,UAE,VEST,420.0872812271118
2025,NORTH_AMERICA,UNITED_STATES,BOOTS,7368.597091674805
2025,NORTH_AMERICA,UNITED_STATES,CARDIGAN,3837.5514602661133
2025,NORTH_AMERICA,UNITED_STATES,JACKET,75224.45178222656
2025,NORTH_AMERICA,UNITED_STATES,JEANS,7209.492385864258
2025,NORTH_AMERICA,UNITED_STATES,SANDALS,6596.265058517456
2025,NORTH_AMERICA,UNITED_STATES,SHIRT,49396.34521484375
2025,NORTH_AMERICA,UNITED_STATES,SNEAKERS,31958.119384765625
2025,NORTH_AMERICA,UNITED_STATES,SWEATER,26079.706665039062
2025,NORTH_AMERICA,UNITED_STATES,TOP,10559.543518066406
2025,NORTH_AMERICA,UNITED_STATES,VEST,1678.1924743652344
2025,SOUTHEAST_ASIA,VIETNAM,BOOTS,1638.9756164550781
2025,SOUTHEAST_ASIA,VIETNAM,CARDIGAN,674.120677947998
2025,SOUTHEAST_ASIA,VIETNAM,JACKET,17568.82357788086
2025,SOUTHEAST_ASIA,VIETNAM,JEANS,1464.7006340026855
2025,SOUTHEAST_ASIA,VIETNAM,SANDALS,1326.1576533317566
2025,SOUTHEAST_ASIA,VIETNAM,SHIRT,10647.023681640625
2025,SOUTHEAST_ASIA,VIETNAM,SNEAKERS,6474.027252197266
2025,SOUTHEAST_ASIA,VIETNAM,SWEATER,5620.9729080200195
2025,SOUTHEAST_ASIA,VIETNAM,TOP,2416.6419830322266
2025,SOUTHEAST_ASIA,VIETNAM,VEST,279.3672399520874
